CÓDIGO,MUNICÍPIO,TOTAL,Homens,Mulheres,Homens - DE 15 A 19 ANOS,Mulheres - DE 15 A 19 ANOS,Homens - DE 20 A 24 ANOS,Mulheres - DE 20 A 24 ANOS,Homens - DE 25 A 29 ANOS,Mulheres - DE 25 A 29 ANOS,Homens - DE 30 A 34 ANOS,Mulheres - DE 30 A 34 ANOS,Homens - DE 35 A 39 ANOS,Mulheres - DE 35 A 39 ANOS,Homens - DE 40 A 44 ANOS,Mulheres - DE 40 A 44 ANOS,Homens - DE 45 A 49 ANOS,Mulheres - DE 45 A 49 ANOS,Homens - DE 50 A 54 ANOS,Mulheres - DE 50 A 54 ANOS,Homens - DE 55 A 59 ANOS,Mulheres - DE 55 A 59 ANOS,Homens - DE 60 A 64 ANOS,Mulheres - DE 60 A 64 ANOS,Homens - DE 65 A 69 ANOS,Mulheres - DE 65 A 69 ANOS,Homens - DE 70 A 74 ANOS,Mulheres - DE 70 A 74 ANOS
430003,Aceguá,3458,1806,1652,208,224,186,166,164,147,159,144,153,160,181,129,151,162,169,136,157,126,113,111,100,79,65,68
430005,Água Santa,3107,1565,1542,167,161,175,177,153,161,163,146,109,126,131,127,140,135,137,139,127,131,108,117,90,73,65,49
430010,Agudo,13158,6707,6451,639,577,637,620,617,573,675,611,606,574,603,605,649,573,638,571,539,546,484,482,381,406,239,313
430020,Ajuricaba,5736,2838,2898,236,267,272,256,281,264,247,242,225,237,251,278,277,282,325,277,235,273,195,208,162,172,132,142
430030,Alecrim,5251,2555,2696,222,254,255,258,149,185,125,148,169,164,217,203,207,221,279,265,274,271,239,286,249,240,170,201
430040,Alegrete,58791,29036,29755,3128,2932,3267,3017,3007,2721,2747,2725,2429,2635,2355,2531,2520,2702,2677,2780,2278,2530,1935,2080,1526,1770,1167,1332
430045,Alegria,3234,1629,1605,124,152,172,160,98,103,98,102,128,94,122,116,148,127,170,180,185,164,146,165,139,133,99,109
430047,Almirante Tamandaré do Sul,1664,846,818,63,67,91,76,74,55,71,77,68,69,51,61,91,79,71,84,83,74,77,69,57,65,49,42
430050,Alpestre,5858,3027,2831,332,274,298,282,256,197,218,186,235,230,233,218,256,261,320,289,288,295,239,250,200,210,152,139
430055,Alto Alegre,1442,731,711,54,57,65,75,58,61,64,63,34,45,62,51,76,80,87,75,73,57,63,64,58,47,37,36
430057,Alto Feliz,2480,1256,1224,108,104,126,123,124,117,98,118,124,111,107,108,143,116,135,127,115,98,74,72,59,78,43,52
430060,Alvorada,155756,75227,80529,10387,9860,9598,9326,8131,8348,8021,8369,7461,8097,6586,7146,6376,6788,5847,6668,4875,5665,3738,4535,2649,3396,1558,2331
430063,Amaral Ferrador,4912,2554,2358,259,219,281,278,233,239,232,245,230,211,261,225,228,210,233,200,203,197,175,153,140,95,79,86
430064,Ametista do Sul,5696,2934,2762,340,299,344,309,277,240,278,282,268,280,269,256,274,268,273,219,223,208,185,173,128,136,75,92
430066,André da Rocha,920,499,421,41,36,48,37,45,34,51,24,34,34,38,27,44,35,58,48,47,42,39,50,34,27,20,27
430070,Anta Gorda,5168,2601,2567,182,238,267,258,256,240,235,212,212,220,189,188,227,216,279,248,246,232,221,212,172,174,115,129
430080,Antônio Prado,10337,5226,5111,443,407,556,501,501,477,488,433,420,401,384,430,482,458,587,581,482,464,390,363,294,334,199,262
430085,Arambaré,2987,1418,1569,153,171,167,148,89,142,118,132,108,107,113,138,132,133,120,152,132,138,104,102,103,103,79,103
430087,Araricá,4196,2080,2116,234,248,247,203,213,216,219,232,221,221,189,164,205,200,171,188,118,140,106,138,94,104,63,62
430090,Aratiba,5317,2667,2650,196,211,262,262,227,230,229,174,183,206,209,228,243,232,269,282,270,247,244,228,189,195,146,155
430100,Arroio do Meio,16502,8283,8219,734,705,811,805,965,858,881,832,798,731,649,737,757,777,807,771,684,684,527,570,409,415,261,334
430105,Arroio do Sal,7133,3444,3689,355,387,384,360,308,289,298,312,280,296,240,305,304,334,325,353,285,345,276,282,221,238,168,188
430107,Arroio do Padre,2071,1083,988,86,96,85,93,110,78,120,95,115,100,95,89,84,69,75,84,95,78,90,59,74,82,54,65
430110,Arroio dos Ratos,10886,5329,5557,628,574,571,585,509,540,523,520,477,514,442,432,447,500,491,483,408,484,357,406,296,294,180,225
430120,Arroio do Tigre,10031,5099,4932,521,440,546,525,568,505,493,489,491,426,411,411,436,402,458,475,412,401,357,345,273,285,133,228
430130,Arroio Grande,14070,7075,6995,768,744,786,658,584,628,678,691,633,607,594,576,600,623,645,664,550,558,527,523,411,441,299,282
430140,Arvorezinha,7964,4036,3928,394,383,473,458,381,343,381,331,367,350,335,311,334,351,352,333,327,320,291,320,228,263,173,165
430150,Augusto Pestana,5740,2825,2915,231,224,288,276,256,221,238,250,206,239,252,250,255,246,280,313,248,243,236,250,200,230,135,173
430155,Áurea,2876,1414,1462,120,147,121,137,108,119,117,115,108,132,141,138,128,123,154,146,136,112,105,120,112,99,64,74
430160,Bagé,92384,44290,48094,5024,4871,5051,4947,4767,4708,4666,4801,4072,4436,3715,4105,3715,4125,3788,4304,3316,3813,2588,3156,2136,2748,1452,2080
430163,Balneário Pinhal,9270,4587,4683,547,479,503,470,366,351,343,363,356,358,314,358,387,361,367,412,393,433,400,441,322,366,289,291
430165,Barão,5182,2708,2474,233,233,286,245,310,275,296,254,255,235,233,196,258,226,230,204,211,185,163,167,136,132,97,122
430170,Barão de Cotegipe,5441,2828,2613,273,207,322,286,270,250,266,230,244,217,208,198,238,238,295,251,216,236,216,185,172,178,108,137
430175,Barão do Triunfo,5362,2862,2500,287,280,318,295,270,215,263,251,235,241,276,233,248,236,255,187,235,179,204,169,160,111,111,103
430180,Barracão,3972,2051,1921,214,201,203,199,193,150,173,162,172,147,140,150,209,156,175,196,187,184,166,159,127,122,92,95
430185,Barra do Guarita,2434,1229,1205,139,134,138,134,140,124,119,100,94,100,113,113,101,110,105,98,92,90,78,79,72,74,38,49
430187,Barra do Quaraí,3046,1633,1413,184,180,195,157,143,151,171,147,165,132,147,133,134,146,128,123,139,70,95,73,78,62,54,39
430190,Barra do Ribeiro,10089,4973,5116,568,552,569,546,509,431,441,509,419,402,396,472,449,459,456,464,351,371,329,375,279,301,207,234
430192,Barra do Rio Azul,1426,790,636,62,35,61,44,60,45,66,32,58,50,61,49,60,54,78,76,94,73,84,76,64,65,42,37
430195,Barra Funda,2044,1046,998,115,89,100,107,89,93,117,81,69,90,81,93,102,89,103,89,86,81,73,74,63,56,48,56
430200,Barros Cassal,8047,4080,3967,512,446,490,456,296,310,329,396,366,350,343,335,319,343,385,347,321,318,315,296,246,226,158,144
430205,Benjamin Constant do Sul,1766,925,841,160,155,151,127,78,78,68,55,64,57,58,49,70,54,96,89,72,59,39,43,36,36,33,39
430210,Bento Gonçalves,93212,46008,47204,4244,4218,4684,4802,5403,5365,5624,5319,4898,4790,4040,3992,3826,3918,3967,4224,3332,3717,2638,3007,2048,2265,1304,1587
430215,Boa Vista das Missões,1634,824,810,97,93,108,99,75,60,69,73,62,77,62,68,74,66,82,90,72,62,62,45,40,40,21,37
430220,Boa Vista do Buricá,5469,2738,2731,276,207,296,254,251,262,228,244,204,228,230,228,249,265,281,266,248,245,192,210,154,190,129,132
430222,Boa Vista do Cadeado,1926,977,949,84,81,94,93,76,76,81,93,77,89,93,70,88,98,104,84,92,76,80,84,69,57,39,48
430223,Boa Vista do Incra,1810,930,880,60,61,92,78,88,81,92,84,101,81,95,74,79,102,92,81,75,74,63,65,56,57,37,42
430225,Boa Vista do Sul,2456,1345,1111,89,82,117,104,131,93,117,81,122,100,95,95,133,111,140,106,127,88,106,95,102,97,66,59
430230,Bom Jesus,8396,4186,4210,537,503,458,441,353,380,395,352,373,399,329,352,335,333,340,339,318,322,282,316,257,280,209,193
430235,Bom Princípio,10537,5406,5131,490,435,556,529,606,612,642,591,529,482,482,436,495,493,517,469,405,365,325,321,213,234,146,164
430237,Bom Progresso,1807,915,892,100,94,108,105,91,68,77,73,49,63,85,74,67,69,91,88,82,100,78,69,44,45,43,44
430240,Bom Retiro do Sul,9624,4851,4773,501,430,548,492,520,479,550,484,407,446,404,398,424,449,413,428,400,419,294,324,230,255,160,169
430245,Boqueirão do Leão,5671,2962,2709,324,307,331,315,271,284,318,271,279,242,264,221,248,218,253,244,236,194,204,170,142,144,92,99
430250,Bossoroca,5029,2562,2467,255,243,265,261,182,187,177,184,209,175,189,202,212,227,247,267,242,225,243,222,208,161,133,113
430258,Bozano,1737,861,876,58,79,81,72,75,88,78,69,59,76,61,86,84,65,83,78,84,89,81,77,58,52,59,45
430260,Braga,2750,1369,1381,150,148,155,142,115,113,107,117,106,127,118,99,108,115,130,126,116,108,99,123,95,97,70,66
430265,Brochier,3904,2002,1902,174,159,199,182,180,198,196,185,188,143,152,139,173,179,187,172,181,156,167,164,126,123,79,102
430270,Butiá,16424,8179,8245,967,897,964,932,873,803,812,774,741,756,614,629,645,710,742,729,665,667,541,580,367,433,248,335
430280,Caçapava do Sul,26555,12824,13731,1276,1254,1378,1313,1171,1219,1164,1244,1003,1130,1020,1134,1083,1222,1233,1326,1146,1196,992,1103,811,917,547,673
430290,Cacequi,10070,5001,5069,509,509,552,488,445,441,438,467,424,412,383,386,427,476,502,524,468,455,328,358,292,284,233,269
430300,Cachoeira do Sul,65881,31847,34034,3322,3214,3344,3128,3209,3218,3138,3237,2873,2817,2409,2611,2675,3012,2933,3267,2697,3044,2251,2663,1803,2166,1193,1657
430310,Cachoeirinha,98801,47385,51416,5275,5132,5023,5167,5156,5266,5253,5472,5014,5296,4267,4611,4129,4671,4029,4466,3524,4031,2619,3156,1876,2460,1220,1688
430320,Cacique Doble,3976,1929,2047,204,229,240,228,181,194,177,171,129,151,132,172,200,174,183,192,158,158,122,147,125,122,78,109
430330,Caibaté,3936,1975,1961,212,160,195,186,186,172,163,150,151,157,143,182,179,183,194,199,181,190,158,173,122,112,91,97
430340,Caiçara,3678,1915,1763,194,158,176,168,167,151,160,123,131,127,139,136,164,147,200,164,188,198,174,163,145,131,77,97
430350,Camaquã,50698,24843,25855,2623,2685,2720,2756,2520,2476,2644,2470,2280,2397,2262,2368,2232,2379,2210,2294,1816,2045,1530,1579,1178,1351,828,1055
430355,Camargo,2132,1035,1097,76,95,109,113,99,114,102,95,88,95,72,86,107,116,122,106,83,81,74,81,62,54,41,61
430360,Cambará do Sul,5047,2575,2472,300,294,297,263,243,222,235,254,225,229,259,220,226,233,220,205,182,181,165,149,131,142,92,80
430367,Campestre da Serra,2641,1358,1283,148,145,147,113,89,111,102,103,105,97,114,109,135,143,140,105,110,116,115,90,79,83,74,68
430370,Campina das Missões,5071,2505,2566,215,209,230,239,215,233,185,172,199,184,170,179,220,215,256,267,243,255,246,285,207,183,119,145
430380,Campinas do Sul,4494,2166,2328,170,190,250,230,209,231,193,191,158,142,145,187,208,213,213,240,212,221,159,184,140,176,109,123
430390,Campo Bom,49503,24472,25031,2520,2487,2638,2393,2614,2534,2747,2734,2540,2418,2145,2241,2267,2380,2282,2428,1880,2074,1389,1552,919,1093,531,697
430400,Campo Novo,4008,1969,2039,235,216,236,223,133,149,191,169,150,181,154,170,161,181,180,204,190,175,138,160,114,115,87,96
430410,Campos Borges,2934,1461,1473,143,130,155,147,134,140,127,121,140,139,116,120,117,121,128,117,109,135,114,136,97,99,81,68
430420,Candelária,23952,11766,12186,1197,1239,1195,1207,1085,1097,1172,1198,1055,1098,1128,1074,1104,1078,1036,1041,880,931,798,890,688,772,428,561
430430,Cândido Godói,5284,2782,2502,240,204,298,204,244,193,217,179,205,195,245,192,257,235,279,290,286,256,224,224,179,184,108,146
430435,Candiota,7015,3525,3490,389,410,396,372,370,375,351,382,335,332,290,302,303,350,343,309,303,248,229,194,142,131,74,85
430440,Canela,32884,15877,17007,1928,1938,1881,1829,1663,1772,1770,1843,1634,1708,1400,1547,1393,1537,1360,1411,1048,1223,796,950,596,756,408,493
430450,Canguçu,41740,21239,20501,2129,2013,2090,2023,1907,1760,2057,1913,1863,1828,1925,1830,1906,1857,1985,1821,1776,1640,1472,1509,1249,1281,880,1026
430460,Canoas,264688,127346,137342,14281,13597,13636,13835,13896,14132,14277,14932,13557,14183,11198,11797,10539,11568,10397,11879,9443,10747,7407,8912,5399,7035,3316,4725
430461,Canudos do Vale,1335,721,614,42,46,65,38,50,37,55,56,62,49,63,49,72,57,74,50,80,64,65,68,59,56,34,44
430462,Capão Bonito do Sul,1692,883,809,85,81,115,94,97,91,79,85,85,69,67,67,85,66,82,59,59,65,59,60,46,39,24,33
430463,Capão da Canoa,36160,17624,18536,2077,2042,2045,1920,1793,1824,1824,1861,1671,1804,1530,1553,1550,1645,1467,1649,1313,1480,1099,1222,752,937,503,599
430465,Capão do Cipó,2488,1318,1170,119,117,101,116,129,115,120,100,116,114,119,95,121,112,144,121,106,95,90,73,83,73,70,39
430466,Capão do Leão,19460,9563,9897,1092,1085,1061,1082,971,1008,989,1028,944,899,804,806,812,851,761,890,745,822,637,629,452,480,295,317
430467,Capivari do Sul,3295,1648,1647,159,181,167,164,155,153,161,161,136,143,140,128,155,184,183,181,140,136,125,95,79,62,48,59
430468,Capela de Santana,9482,4773,4709,555,521,571,511,477,469,474,491,411,456,417,422,428,390,441,441,380,382,269,261,204,212,146,153
430469,Capitão,2398,1263,1135,136,121,115,120,151,111,119,114,99,103,124,83,93,95,105,86,116,111,93,78,59,70,53,43
430470,Carazinho,47973,22842,25131,2411,2302,2539,2445,2435,2546,2563,2563,2315,2382,1921,2080,1893,2195,1833,2280,1717,2094,1405,1743,1085,1449,725,1052
430471,Caraá,5993,3139,2854,284,275,290,259,269,241,261,246,229,227,246,220,281,260,318,265,263,241,271,234,243,197,184,189
430480,Carlos Barbosa,22909,11444,11465,1008,873,1046,1132,1316,1281,1338,1324,1180,1201,1050,1053,1064,1023,1051,1081,933,911,669,680,481,516,308,390
430485,Carlos Gomes,1197,611,586,47,51,58,48,45,42,44,43,46,51,54,54,85,50,56,60,56,50,61,51,34,49,25,37
430490,Casca,7210,3690,3520,295,282,352,302,398,315,374,308,290,304,290,273,325,316,349,336,329,330,305,323,242,234,141,197
430495,Caseiros,2531,1251,1280,123,123,154,134,109,108,95,103,98,98,92,106,131,136,122,108,110,104,87,97,73,98,57,65
430500,Catuípe,7118,3580,3538,350,268,331,303,324,285,312,295,272,277,280,315,327,328,344,362,346,344,277,301,226,270,191,190
430510,Caxias do Sul,370029,181737,188292,17551,17318,19247,19034,21145,20964,22272,21706,19964,19687,16947,16732,15076,15758,14863,16226,13136,14699,10053,11751,7180,8603,4303,5814
430511,Centenário,2411,1283,1128,103,90,120,112,107,95,117,88,112,90,111,108,129,99,135,106,104,101,104,97,72,75,69,67
430512,Cerrito,4782,2429,2353,235,222,232,242,174,168,177,181,178,170,214,191,236,234,244,244,229,213,191,176,193,174,126,138
430513,Cerro Branco,3437,1727,1710,131,139,171,165,142,135,134,151,161,150,147,140,182,166,154,153,154,160,149,142,114,106,88,103
430515,Cerro Grande,1896,907,989,102,107,89,118,73,87,68,76,70,90,69,53,79,73,92,109,96,73,70,81,60,76,39,46
430517,Cerro Grande do Sul,7972,4156,3816,458,433,452,444,383,416,440,434,381,390,418,341,378,339,324,294,309,243,272,212,193,148,148,122
430520,Cerro Largo,11007,5663,5344,549,470,569,515,629,540,543,481,525,463,490,449,492,511,567,512,459,446,389,384,258,342,193,231
430530,Chapada,7687,3818,3869,329,295,349,339,416,346,356,364,313,300,293,331,342,365,398,414,345,350,275,313,238,255,164,197
430535,Charqueadas,29666,17642,12024,1478,1196,1458,1110,2067,1081,2886,1255,2459,1175,1705,1033,1384,1100,1259,1065,1045,980,837,867,642,697,422,465
430537,Charrua,2239,1145,1094,169,146,134,116,104,86,83,90,85,75,83,92,82,97,99,95,94,88,93,83,72,79,47,47
430540,Chiapeta,3210,1580,1630,158,173,157,178,128,137,150,140,120,145,124,145,151,135,167,147,139,136,119,117,94,102,73,75
430543,Chuí,4445,2169,2276,240,224,244,237,186,208,188,192,192,239,199,238,183,216,219,180,168,178,151,133,108,135,91,96
430544,Chuvisca,3869,2037,1832,227,216,227,185,199,182,196,197,222,171,190,158,190,184,188,158,149,122,103,108,87,70,59,81
430545,Cidreira,10743,5322,5421,650,584,586,473,432,412,393,411,407,377,377,398,443,449,443,512,478,549,434,512,383,431,296,313
430550,Ciríaco,3739,1929,1810,166,160,207,184,162,156,191,156,153,135,132,137,163,166,171,161,171,164,162,144,145,130,106,117
430558,Colinas,2236,1133,1103,75,83,104,100,110,113,129,109,94,91,95,87,90,93,95,99,106,81,96,87,76,92,63,68
430560,Colorado,2663,1266,1397,90,82,108,124,122,119,118,105,86,88,104,121,101,137,156,159,109,125,99,133,92,121,81,83
430570,Condor,5031,2432,2599,233,266,261,259,235,270,212,251,219,219,205,214,217,226,231,210,179,212,193,201,152,152,95,119
430580,Constantina,7765,3774,3991,348,372,401,392,362,416,393,388,320,349,287,336,354,362,336,355,331,327,266,275,221,239,155,180
430583,Coqueiro Baixo,1097,558,539,35,44,39,34,38,27,35,26,36,37,31,38,50,44,64,47,56,55,60,64,57,74,57,49
430585,Coqueiros do Sul,1868,970,898,95,88,94,70,71,67,68,58,58,65,88,86,86,88,112,90,92,92,96,76,61,74,49,44
430587,Coronel Barros,2149,1039,1110,84,97,102,112,89,98,87,92,84,97,98,99,98,99,100,94,84,89,80,78,72,89,61,66
430590,Coronel Bicaco,5489,2686,2803,314,270,270,285,196,247,222,230,211,226,237,247,257,250,284,258,197,250,224,225,158,173,116,142
430593,Coronel Pilar,1231,615,616,37,55,48,40,37,41,43,39,25,44,47,44,57,49,73,69,73,70,74,54,59,63,42,48
430595,Cotiporã,3173,1694,1479,129,130,155,150,172,118,176,106,121,112,126,106,151,136,184,148,165,159,135,120,103,109,77,85
430597,Coxilha,2290,1103,1187,106,131,110,136,101,125,108,125,101,109,90,102,102,108,115,93,81,94,82,73,56,62,51,29
430600,Crissiumal,10924,5365,5559,506,531,561,525,437,449,448,433,421,427,438,472,503,474,530,495,458,488,453,466,346,454,264,345
430605,Cristal,5873,2976,2897,316,341,330,316,293,261,265,287,241,252,277,240,283,252,265,264,223,203,190,184,174,155,119,142
430607,Cristal do Sul,2112,1055,1057,121,110,105,101,83,97,91,94,86,86,98,97,87,92,111,98,70,66,80,90,81,78,42,48
430610,Cruz Alta,47333,22216,25117,2417,2314,2338,2412,2254,2459,2386,2466,2073,2356,1911,2131,1938,2096,1901,2289,1758,2174,1423,1850,1067,1450,750,1120
430613,Cruzaltense,1522,750,772,48,59,80,70,47,74,47,55,51,35,40,57,84,85,110,98,79,69,67,64,56,55,41,51
430620,Cruzeiro do Sul,10261,5240,5021,501,419,519,503,538,462,535,491,460,448,463,436,468,444,473,480,447,409,351,362,274,323,211,244
430630,David Canabarro,3616,1889,1727,165,141,221,169,159,160,127,137,171,146,143,129,179,152,195,178,176,159,151,135,123,124,79,97
430632,Derrubadas,2310,1197,1113,153,125,126,116,86,76,80,64,90,92,95,94,113,106,115,108,131,109,65,96,80,77,63,50
430635,Dezesseis de Novembro,2102,1032,1070,119,103,108,116,65,61,61,76,61,87,72,100,102,83,102,93,100,113,89,111,88,69,65,58
430637,Dilermando de Aguiar,2215,1157,1058,101,104,111,97,97,72,70,85,91,76,90,86,102,106,119,107,114,92,100,85,88,90,74,58
430640,Dois Irmãos,24428,12005,12423,1024,1081,1166,1172,1336,1397,1545,1535,1349,1380,1192,1207,1171,1165,1082,1125,861,912,624,643,417,474,238,332
430642,Dois Irmãos das Missões,1553,807,746,98,79,81,79,66,55,70,66,64,59,60,72,71,62,83,63,69,62,51,62,61,59,33,28
430645,Dois Lajeados,2646,1318,1328,87,104,108,126,129,109,115,121,132,94,120,122,108,123,122,130,122,97,97,117,104,108,74,77
430650,Dom Feliciano,10990,5665,5325,584,587,644,638,547,528,518,487,529,525,492,486,551,453,565,481,430,358,349,312,264,231,192,239
430655,Dom Pedro de Alcântara,2136,1118,1018,87,77,108,105,117,81,83,86,93,92,87,74,98,100,114,101,104,88,100,85,75,73,52,56
430660,Dom Pedrito,29640,14742,14898,1627,1527,1612,1557,1432,1309,1316,1330,1320,1298,1230,1246,1326,1412,1358,1379,1259,1276,971,1007,776,900,515,657
430670,Dona Francisca,2553,1261,1292,101,122,155,155,113,127,100,104,101,88,94,108,112,118,131,122,131,115,95,98,70,77,58,58
430673,Doutor Maurício Cardoso,3964,1987,1977,172,161,209,197,159,130,125,125,142,130,130,151,164,165,229,236,218,200,187,173,142,166,110,143
430675,Doutor Ricardo,1587,894,693,83,55,87,81,83,51,76,40,62,47,50,58,83,68,84,67,88,54,89,62,66,64,43,46
430676,Eldorado do Sul,28755,14102,14653,1743,1686,1702,1746,1435,1405,1499,1577,1370,1508,1278,1302,1206,1216,1122,1237,1002,1056,797,846,577,632,371,442
430680,Encantado,17255,8434,8821,741,695,775,850,869,855,900,940,871,803,724,723,705,806,782,830,708,755,557,651,477,506,325,407
430690,Encruzilhada do Sul,18641,9417,9224,1070,986,961,950,851,771,854,793,799,812,785,839,855,840,874,864,784,725,636,631,550,584,398,429
430692,Engenho Velho,1104,526,578,69,72,58,56,59,65,38,58,44,49,46,45,33,41,44,42,39,42,33,47,37,35,26,26
430693,Entre-Ijuís,7176,3520,3656,348,356,365,368,302,290,311,312,284,305,258,295,327,334,318,319,306,347,294,304,244,240,163,186
430695,Entre Rios do Sul,2299,1133,1166,128,121,133,112,80,95,81,80,69,81,96,92,95,109,120,122,99,101,71,92,86,78,75,83
430697,Erebango,2406,1223,1183,156,134,148,142,147,114,110,103,96,113,100,92,98,90,95,103,88,90,75,77,70,57,40,68
430700,Erechim,80371,38919,41452,3700,3507,3859,3853,4367,4462,4555,4716,4154,4365,3649,3812,3409,3623,3302,3811,2848,3174,2253,2569,1692,2050,1131,1510
430705,Ernestina,2436,1259,1177,134,112,131,94,104,106,111,118,118,93,115,95,104,98,103,127,111,112,105,87,59,65,64,70
430710,Herval,4958,2539,2419,316,270,247,200,176,199,223,243,203,215,209,197,207,213,256,214,211,211,197,183,170,158,124,116
430720,Erval Grande,3927,2047,1880,218,169,248,209,185,181,163,143,154,143,134,138,182,170,216,185,174,178,144,146,138,125,91,93
430730,Erval Seco,5804,2899,2905,341,327,335,298,229,234,230,271,232,235,246,204,213,257,295,278,233,249,243,223,167,185,135,144
430740,Esmeralda,2521,1238,1283,133,146,135,135,107,116,119,112,107,105,111,113,93,103,117,121,87,99,100,92,72,82,57,59
430745,Esperança do Sul,2553,1331,1222,136,123,103,99,117,80,85,85,82,86,100,83,101,95,138,128,138,138,124,125,112,102,95,78
430750,Espumoso,12159,5996,6163,569,565,650,563,580,613,637,613,540,567,506,492,515,545,530,545,484,560,408,475,322,359,255,266
430755,Estação,4739,2325,2414,211,208,229,215,249,224,223,231,198,218,202,195,217,230,240,233,183,212,159,192,122,135,92,121
430760,Estância Velha,36737,18373,18364,1918,1798,2008,1839,2046,1831,2021,2049,1861,1854,1611,1697,1784,1818,1723,1688,1370,1458,988,1025,660,783,383,524
430770,Esteio,63307,30683,32624,3343,2963,3198,3032,3126,3254,3452,3447,3240,3209,2461,2557,2458,2729,2540,3010,2324,2817,2102,2446,1514,1927,925,1233
430780,Estrela,25706,12906,12800,1219,1132,1301,1180,1407,1346,1512,1422,1313,1181,1073,1079,1052,1125,1115,1181,1092,1094,815,901,624,685,383,474
430781,Estrela Velha,2791,1421,1370,115,156,163,145,115,132,131,124,159,103,125,115,127,97,117,140,114,98,110,117,88,96,57,47
430783,Eugênio de Castro,2207,1121,1086,123,105,115,92,78,85,87,66,85,84,81,91,105,114,100,100,94,103,102,92,85,83,66,71
430786,Fagundes Varela,2062,1053,1009,72,73,71,98,86,85,93,92,100,89,90,83,96,84,110,103,126,81,89,90,73,82,47,49
430790,Farroupilha,54492,26875,27617,2549,2465,2701,2685,3107,2997,3165,3034,2714,2775,2405,2516,2446,2594,2529,2633,2102,2184,1492,1660,994,1230,671,844
430800,Faxinal do Soturno,5176,2565,2611,267,224,215,267,266,251,247,251,228,219,193,219,223,221,215,233,242,229,177,199,165,167,127,131
430805,Faxinalzinho,2073,1039,1034,117,128,131,118,81,80,84,84,67,75,86,77,100,92,84,97,81,76,79,81,74,63,55,63
430807,Fazenda Vilanova,3200,1587,1613,152,178,183,183,174,183,141,170,139,130,166,152,135,121,143,130,122,111,87,110,98,87,47,58
430810,Feliz,10752,5413,5339,459,438,534,530,629,567,622,559,531,498,457,442,517,509,506,475,404,485,348,337,260,283,146,216
430820,Flores da Cunha,23462,11792,11670,1071,981,1127,1043,1306,1257,1325,1287,1179,1167,1002,1024,1065,1031,1109,1076,982,1013,742,771,542,578,342,442
430825,Floriano Peixoto,1471,828,643,70,58,79,46,59,28,52,43,63,39,64,43,83,50,77,74,85,73,78,67,71,72,47,50
430830,Fontoura Xavier,8181,4235,3946,499,477,504,486,377,293,384,356,358,347,350,341,380,356,354,320,329,308,300,284,248,228,152,150
430840,Formigueiro,5394,2788,2606,272,199,303,268,240,224,209,215,208,181,211,210,247,246,258,238,259,254,229,223,200,192,152,156
430843,Forquetinha,2017,1035,982,67,62,78,93,89,78,86,71,75,83,75,71,93,83,102,97,111,95,104,108,100,86,55,55
430845,Fortaleza dos Valos,3647,1753,1894,165,183,192,216,145,173,133,162,164,165,159,168,170,191,188,187,147,147,124,118,86,98,80,86
430850,Frederico Westphalen,24378,12080,12298,1214,1071,1336,1291,1413,1428,1376,1370,1134,1121,956,1042,1022,1008,983,1046,901,962,804,811,574,699,367,449
430860,Garibaldi,26795,13321,13474,1021,1038,1290,1236,1566,1470,1513,1546,1337,1327,1187,1165,1166,1191,1229,1222,1120,1107,860,969,633,708,399,495
430865,Garruchos,2241,1203,1038,119,83,142,91,64,75,86,83,101,103,101,106,102,100,133,104,120,99,89,81,92,70,54,43
430870,Gaurama,4631,2266,2365,192,216,210,237,210,202,189,177,168,199,184,193,212,219,212,240,239,193,192,198,143,156,115,135
430880,General Câmara,6577,3203,3374,338,375,355,352,271,273,286,264,249,267,223,268,304,305,263,279,269,277,252,280,215,261,178,173
430885,Gentil,1500,794,706,74,50,97,64,74,84,81,71,68,69,63,61,70,56,68,56,55,66,53,58,51,48,40,23
430890,Getúlio Vargas,13302,6486,6816,612,580,668,670,647,714,651,635,637,638,520,510,557,607,584,692,533,559,446,460,348,428,283,323
430900,Giruá,13041,6402,6639,718,596,679,705,548,545,561,582,537,527,552,559,538,574,547,619,556,601,497,535,383,473,286,323
430905,Glorinha,5860,3061,2799,339,261,342,310,317,274,296,280,270,245,262,229,219,236,233,232,228,240,206,182,206,170,143,140
430910,Gramado,27596,13168,14428,1244,1367,1381,1403,1360,1430,1416,1559,1376,1470,1280,1420,1252,1322,1171,1276,993,1057,761,901,538,731,396,492
430912,Gramado dos Loureiros,1778,862,916,95,111,89,91,69,93,71,77,71,71,55,52,66,68,86,109,75,71,89,79,56,54,40,40
430915,Gramado Xavier,2907,1443,1464,159,190,173,198,123,126,139,150,146,139,121,129,147,128,144,111,97,95,82,88,54,61,58,49
430920,Gravataí,211465,102950,108515,11711,11232,11350,11147,10998,11360,11561,11893,11135,10961,8904,9274,8319,8985,7884,9055,7511,8458,6225,7257,4655,5443,2697,3450
430925,Guabiju,1371,713,658,58,54,67,71,76,59,62,39,45,47,37,48,68,46,51,69,82,61,80,73,53,48,34,43
430930,Guaíba,77132,37407,39725,4404,4058,4096,3930,4012,3998,3997,4142,3666,3802,3281,3497,3053,3231,3049,3535,2874,3306,2236,2792,1677,2059,1062,1375
430940,Guaporé,19701,9707,9994,917,882,1010,972,1083,1065,1054,1062,1016,980,851,866,803,878,896,933,754,761,546,687,464,522,313,386
430950,Guarani das Missões,6372,3073,3299,291,301,320,301,263,290,251,263,236,259,262,259,296,296,305,315,295,331,237,259,183,250,134,175
430955,Harmonia,3799,1961,1838,186,173,201,174,208,189,184,204,194,168,175,149,184,187,187,178,149,134,140,116,91,87,62,79
430957,Herveiras,2146,1100,1046,122,127,121,132,104,88,100,102,118,90,94,98,104,90,87,85,79,72,61,67,58,50,52,45
430960,Horizontina,15042,7322,7720,624,630,710,709,733,761,827,814,742,750,690,663,604,674,609,701,593,626,513,608,397,473,280,311
430965,Hulha Negra,4634,2337,2297,298,296,233,286,220,241,234,230,227,201,173,201,207,186,211,181,174,168,162,148,115,89,83,70
430970,Humaitá,3832,1843,1989,137,168,163,166,175,175,147,156,140,150,143,146,164,181,206,209,183,200,177,170,129,171,79,97
430975,Ibarama,3252,1658,1594,172,168,165,179,145,152,169,166,152,135,163,137,147,136,152,115,128,115,103,136,97,80,65,75
430980,Ibiaçá,3853,1862,1991,136,173,176,185,183,161,158,150,135,157,134,144,181,191,208,227,166,174,158,178,131,142,96,109
430990,Ibiraiaras,6538,3256,3282,355,326,363,361,345,329,308,318,246,261,285,269,289,291,304,271,245,259,196,246,185,204,135,147
430995,Ibirapuitã,2991,1501,1490,156,160,147,165,127,138,136,120,129,128,118,113,114,120,154,139,130,110,119,107,90,105,81,85
431000,Ibirubá,16074,7728,8346,647,722,760,771,820,831,870,887,779,796,627,703,652,703,695,766,593,672,569,615,410,506,306,374
431010,Igrejinha,25774,12645,13129,1321,1297,1343,1376,1358,1402,1461,1457,1358,1378,1169,1240,1201,1263,1159,1188,891,885,672,705,431,518,281,420
431020,Ijuí,66119,32396,33723,3175,2919,3459,3259,3473,3344,3582,3515,3242,3305,2847,2964,2741,2909,2717,3054,2412,2681,2087,2419,1585,1914,1076,1440
431030,Ilópolis,3254,1597,1657,151,141,160,189,133,148,148,147,144,144,126,125,128,135,137,145,149,145,135,136,111,120,75,82
431033,Imbé,15935,7687,8248,913,779,800,738,715,715,680,769,639,771,630,698,633,677,593,686,606,738,620,718,495,559,363,400
431036,Imigrante,2477,1255,1222,80,83,98,100,121,99,118,125,120,100,112,98,113,98,104,107,125,117,106,93,83,106,75,96
431040,Independência,5271,2650,2621,305,248,270,280,218,219,219,197,230,206,185,218,224,209,257,244,231,264,215,227,168,174,128,135
431041,Inhacorá,1711,876,835,103,81,87,81,85,72,53,69,69,66,59,73,86,87,91,76,61,71,78,73,54,54,50,32
431043,Ipê,4791,2547,2244,244,200,265,203,240,180,231,190,229,186,185,173,224,205,234,200,239,206,186,174,153,183,117,144
431046,Ipiranga do Sul,1549,815,734,64,55,80,64,78,62,57,46,55,50,65,58,84,77,86,83,78,64,57,67,63,57,48,51
431050,Iraí,6017,2889,3128,299,328,304,322,254,264,243,267,224,252,230,258,288,266,250,259,242,243,217,268,199,228,139,173
431053,Itaara,3957,2030,1927,214,163,230,198,166,171,194,182,171,186,187,180,177,160,162,176,195,159,128,135,127,136,79,81
431055,Itacurubi,2447,1324,1123,146,114,124,91,97,82,112,72,89,90,101,118,128,103,123,122,125,103,101,103,109,64,69,61
431057,Itapuca,1738,911,827,100,88,115,89,63,79,77,80,62,69,75,55,85,78,95,84,90,68,63,62,49,38,37,37
431060,Itaqui,28759,14456,14303,1775,1692,1716,1639,1538,1295,1412,1431,1267,1260,1258,1308,1207,1219,1279,1265,1130,1111,858,911,626,667,390,505
431065,Itati,2071,1058,1013,106,104,113,96,77,65,75,91,71,67,92,82,101,94,124,120,97,89,83,84,69,65,50,56
431070,Itatiba do Sul,2966,1601,1365,151,131,175,140,137,77,108,79,95,80,106,106,114,135,178,164,193,138,140,141,113,107,91,67
431075,Ivorá,1620,851,769,65,53,83,67,74,68,60,60,53,54,63,62,81,47,82,70,97,80,50,82,76,81,67,45
431080,Ivoti,17975,8913,9062,832,762,861,863,979,964,1015,1021,918,956,882,882,906,883,809,855,652,691,502,553,330,363,227,269
431085,Jaboticaba,3060,1568,1492,183,150,182,154,122,105,93,116,106,111,144,140,139,133,131,140,143,149,130,117,123,107,72,70
431087,Jacuizinho,1919,976,943,88,96,101,108,73,93,97,94,91,86,92,65,64,97,97,70,82,71,79,83,67,51,45,29
431090,Jacutinga,2834,1414,1420,106,100,164,153,126,109,120,119,98,106,111,100,119,133,142,154,133,124,118,119,96,125,81,78
431100,Jaguarão,21504,10587,10917,1098,1037,1086,1065,1014,897,1013,971,894,973,932,923,937,945,972,1066,854,939,687,824,652,712,448,565
431110,Jaguari,8406,4308,4098,362,309,437,381,356,281,386,336,318,347,341,348,408,378,432,443,424,393,337,338,286,288,221,256
431112,Jaquirana,3041,1538,1503,208,205,175,166,119,114,97,125,106,123,124,118,142,126,135,128,128,136,133,103,102,88,69,71
431113,Jari,2729,1452,1277,124,123,133,141,114,81,117,123,134,128,143,99,136,106,137,123,138,108,110,100,103,84,63,61
431115,Jóia,6288,3168,3120,354,316,318,355,246,257,260,258,274,278,284,294,281,268,299,301,296,269,232,226,183,151,141,147
431120,Júlio de Castilhos,14687,7248,7439,835,738,791,709,702,738,675,713,626,631,596,546,593,667,646,709,591,604,519,567,392,478,282,339
431123,Lagoa Bonita do Sul,2094,1097,997,111,125,117,109,91,83,116,112,102,85,105,96,117,94,95,87,91,69,65,48,55,47,32,42
431125,Lagoão,4412,2202,2210,268,301,253,255,166,172,189,197,206,197,199,188,208,196,208,192,169,157,124,135,130,133,82,87
431127,Lagoa dos Três Cantos,1527,723,804,63,69,70,76,79,85,61,74,55,69,55,62,73,74,67,70,57,63,60,63,55,58,28,41
431130,Lagoa Vermelha,21285,10545,10740,1222,1071,1241,1064,995,968,980,958,890,929,893,890,978,980,952,1052,798,867,650,782,536,661,410,518
431140,Lajeado,63513,30646,32867,2804,2724,3088,3111,3421,3720,3938,4030,3345,3494,2796,3035,2679,2896,2631,2843,2328,2539,1716,1918,1154,1504,746,1053
431142,Lajeado do Bugre,1715,863,852,92,109,97,104,63,63,80,89,76,63,70,70,86,66,74,66,65,65,61,64,56,52,43,41
431150,Lavras do Sul,5638,2786,2852,318,290,314,279,228,235,228,252,236,266,216,235,240,274,275,281,258,243,192,192,154,177,127,128
431160,Liberato Salzano,4317,2168,2149,185,202,227,215,185,176,184,192,183,151,164,170,201,204,222,200,199,189,188,184,139,165,91,101
431162,Lindolfo Collor,4461,2273,2188,221,209,235,213,279,248,270,278,260,269,244,209,209,183,182,173,152,150,106,124,70,64,45,68
431164,Linha Nova,1445,723,722,55,59,65,78,65,65,65,69,55,59,64,54,81,61,67,59,60,63,57,64,50,45,39,46
431170,Machadinho,4407,2171,2236,242,223,203,226,191,215,192,208,193,224,173,182,181,160,188,180,175,179,177,185,141,147,115,107
431171,Maçambará,3511,1846,1665,218,221,200,176,149,112,138,132,151,177,173,159,185,173,176,152,147,129,130,106,102,74,77,54
431173,Mampituba,2347,1177,1170,106,126,126,123,119,104,107,114,101,94,97,85,90,100,125,124,104,101,80,95,76,66,46,38
431175,Manoel Viana,5053,2552,2501,256,243,264,250,228,175,178,234,219,212,210,197,222,259,257,276,234,217,215,186,153,134,116,118
431177,Maquiné,5361,2735,2626,289,292,272,285,223,213,213,209,195,217,220,213,248,231,297,270,241,220,216,183,189,169,132,124
431179,Maratá,2103,1072,1031,89,109,94,119,103,63,89,86,87,85,106,91,104,85,107,95,83,75,82,88,65,74,63,61
431180,Marau,31904,15863,16041,1494,1402,1577,1559,1884,1802,1955,1896,1739,1770,1472,1469,1362,1439,1350,1360,1078,1133,835,960,693,722,424,529
431190,Marcelino Ramos,3834,1938,1896,190,164,222,176,155,168,166,136,145,149,144,149,177,169,173,183,171,167,147,171,144,141,104,123
431198,Mariana Pimentel,3164,1645,1519,155,156,162,158,155,140,142,129,110,119,145,125,130,117,121,134,173,141,139,127,129,97,84,76
431200,Mariano Moro,1702,849,853,76,70,74,86,63,64,57,63,71,62,66,75,82,77,89,99,82,81,74,78,65,60,50,38
431205,Marques de Souza,3404,1759,1645,151,122,176,136,177,144,152,148,146,125,131,121,140,126,151,147,140,150,153,169,140,140,102,117
431210,Mata,3669,1859,1810,180,180,190,161,131,124,141,141,176,139,163,163,194,161,179,179,146,143,132,138,117,162,110,119
431213,Mato Castelhano,1976,1051,925,120,93,105,64,92,88,103,94,96,77,85,87,80,78,87,88,97,78,73,75,60,60,53,43
431215,Mato Leitão,3511,1790,1721,185,148,177,159,163,189,204,180,164,168,154,164,173,133,152,164,150,129,105,107,92,109,71,71
431217,Mato Queimado,1436,721,715,66,67,70,63,58,57,48,59,53,66,67,65,64,43,73,58,60,60,54,65,62,64,46,48
431220,Maximiliano de Almeida,3563,1780,1783,186,173,200,158,124,139,152,139,125,132,133,142,193,176,179,173,162,181,129,127,109,121,88,122
431225,Minas do Leão,5996,2892,3104,356,337,320,321,272,296,299,318,244,289,225,250,225,300,288,273,235,234,182,207,134,165,112,114
431230,Miraguaí,3843,1918,1925,193,204,234,191,179,195,146,158,132,173,154,147,156,150,173,166,183,169,169,166,107,123,92,83
431235,Montauri,1276,682,594,47,44,60,49,61,54,71,37,38,37,51,50,65,49,79,66,59,57,67,54,46,65,38,32
431237,Monte Alegre dos Campos,2450,1330,1120,168,145,172,117,124,82,93,91,82,83,101,87,117,92,135,114,108,98,91,93,76,70,63,48
431238,Monte Belo do Sul,2154,1076,1078,56,74,90,99,99,102,106,92,106,71,67,73,86,97,113,98,101,96,98,118,92,83,62,75
431240,Montenegro,49760,24628,25132,2531,2387,2564,2470,2680,2642,2995,2804,2593,2491,2142,2121,2006,2243,2034,2190,1877,1986,1462,1670,1072,1227,672,901
431242,Mormaço,2218,1105,1113,123,119,129,99,91,112,115,101,85,101,81,96,95,104,107,96,85,85,85,81,68,60,41,59
431244,Morrinhos do Sul,2696,1373,1323,114,97,126,136,129,123,115,108,112,98,93,111,125,145,176,129,128,117,114,103,67,75,74,81
431245,Morro Redondo,5064,2548,2516,218,211,236,231,231,207,218,221,225,218,203,212,213,211,212,249,231,198,227,199,200,212,134,147
431247,Morro Reuter,4988,2513,2475,211,198,215,244,282,246,259,237,233,247,221,255,244,217,255,248,226,187,168,162,118,122,81,112
431250,Mostardas,9689,4955,4734,545,535,547,477,462,431,382,414,389,346,392,407,437,453,470,498,449,364,385,385,289,237,208,187
431260,Muçum,3984,1923,2061,152,159,181,182,196,177,172,183,170,177,149,170,172,180,195,196,157,185,141,174,144,163,94,115
431261,Muitos Capões,2373,1265,1108,136,130,159,123,116,101,123,100,113,103,119,97,111,112,106,89,77,76,91,58,59,68,55,51
431262,Muliterno,1540,782,758,88,81,84,90,82,84,78,74,64,54,48,51,62,62,62,81,77,67,62,44,45,33,30,37
431265,Não-Me-Toque,13644,6846,6798,622,550,671,618,790,747,818,755,687,675,651,590,571,596,581,582,494,542,414,477,332,369,215,297
431267,Nicolau Vergueiro,1424,726,698,71,66,60,59,65,65,64,57,53,63,71,53,60,63,70,62,66,64,60,63,62,46,24,37
431270,Nonoai,9251,4784,4467,627,535,522,478,511,443,486,384,409,368,376,375,407,387,398,383,335,382,288,310,243,211,182,211
431275,Nova Alvorada,2657,1377,1280,151,112,120,134,158,120,128,135,133,114,126,110,120,126,126,102,101,98,96,87,64,72,54,70
431280,Nova Araçá,3941,1933,2008,163,193,216,224,232,242,209,186,175,192,167,171,157,158,193,174,156,154,106,126,91,106,68,82
431290,Nova Bassano,6993,3465,3528,279,306,311,309,370,358,322,348,356,349,288,306,339,295,317,312,294,299,258,240,191,239,140,167
431295,Nova Boa Vista,1688,804,884,57,67,74,84,67,83,70,80,64,61,56,68,74,73,81,94,86,83,76,87,59,58,40,46
431300,Nova Bréscia,2662,1385,1277,107,103,145,129,163,116,129,96,106,113,83,98,111,102,124,98,133,128,98,132,119,92,67,70
431301,Nova Candelária,2355,1225,1130,94,85,114,114,122,94,109,97,106,88,105,100,110,82,93,106,127,95,105,112,86,93,54,64
431303,Nova Esperança do Sul,3907,1933,1974,161,163,227,216,166,198,196,196,176,196,172,188,188,173,185,178,159,165,146,123,91,95,66,83
431306,Nova Hartz,14789,7366,7423,779,807,826,776,801,795,818,870,850,817,730,731,720,648,619,635,483,487,347,388,254,295,139,174
431308,Nova Pádua,2034,1046,988,73,81,89,91,115,88,94,85,80,77,68,64,87,83,118,104,110,104,90,83,60,73,62,55
431310,Nova Palma,4793,2499,2294,252,238,271,211,234,217,250,252,189,167,213,159,203,209,240,227,203,175,180,183,145,145,119,111
431320,Nova Petrópolis,17216,8548,8668,722,681,767,837,893,911,940,933,924,888,824,820,782,823,728,696,657,673,537,569,447,488,327,349
431330,Nova Prata,19592,9638,9954,873,878,905,972,1082,1045,1098,1115,1025,1035,919,890,877,853,827,858,737,774,570,633,418,535,307,366
431333,Nova Ramada,1938,990,948,85,89,92,86,71,72,88,71,75,93,93,88,103,87,107,85,97,81,67,82,61,60,51,54
431335,Nova Roma do Sul,2841,1468,1373,127,129,138,144,141,108,141,124,120,135,108,106,151,143,171,130,151,125,94,93,76,65,50,71
431337,Nova Santa Rita,19593,9789,9804,1109,1109,1220,1139,1060,1037,1059,1064,968,1072,898,884,793,865,796,779,681,661,560,529,409,390,236,275
431339,Novo Cabrais,2810,1417,1393,142,125,124,136,117,116,120,128,129,119,117,120,141,143,123,126,126,111,111,108,94,91,73,70
431340,Novo Hamburgo,191133,91886,99247,9536,9266,10077,10078,9796,10111,9819,10453,9161,9601,8093,8559,8237,9217,8645,9671,7131,7827,5255,6303,3702,4761,2434,3400
431342,Novo Machado,2779,1350,1429,88,99,120,124,82,85,72,83,82,95,116,99,120,137,162,164,162,180,149,142,116,123,81,98
431344,Novo Tiradentes,1692,897,795,95,79,103,68,60,55,69,72,51,66,69,66,85,56,100,88,89,85,82,71,53,45,41,44
431346,Novo Xingu,1516,759,757,63,55,74,88,73,72,66,67,48,55,62,70,64,66,75,68,89,69,63,64,46,43,36,40
431349,Novo Barreiro,3187,1655,1532,172,131,171,127,171,161,133,148,138,119,122,139,144,134,149,131,157,138,144,127,106,110,48,67
431350,Osório,34277,16820,17457,1823,1650,1702,1695,1724,1685,1873,1721,1639,1608,1385,1533,1413,1544,1508,1638,1235,1434,1114,1254,829,1012,575,683
431360,Paim Filho,3169,1568,1601,152,140,175,146,119,131,95,113,100,102,99,127,153,171,172,166,155,162,154,131,112,124,82,88
431365,Palmares do Sul,9115,4427,4688,449,446,424,416,379,369,385,415,350,374,343,365,377,393,419,496,380,432,372,408,330,318,219,256
431370,Palmeira das Missões,26553,12738,13815,1414,1484,1408,1446,1315,1399,1307,1316,1147,1271,1058,1170,1101,1244,1139,1307,976,1068,812,879,641,696,420,535
431380,Palmitinho,5725,2850,2875,295,292,339,311,300,309,233,258,219,228,218,246,235,245,276,265,257,224,209,210,150,173,119,114
431390,Panambi,32471,16153,16318,1519,1493,1591,1555,2008,1803,1993,1893,1793,1771,1469,1480,1334,1374,1246,1350,1096,1182,924,1063,742,808,438,546
431395,Pantano Grande,7684,3726,3958,458,440,395,458,339,325,328,403,288,347,313,316,314,333,350,343,299,316,253,278,213,235,176,164
431400,Paraí,5891,3013,2878,269,247,289,264,307,299,328,283,240,270,249,242,267,250,295,266,268,268,236,217,169,167,96,105
431402,Paraíso do Sul,5904,2990,2914,283,264,291,266,254,255,309,295,258,266,258,236,275,261,293,249,250,257,218,222,171,200,130,143
431403,Pareci Novo,3247,1642,1605,155,135,182,167,182,183,177,160,153,152,138,134,144,120,151,151,135,154,103,103,74,69,48,77
431405,Parobé,41281,20187,21094,2367,2370,2398,2393,2147,2215,2103,2297,2027,2050,1958,2062,1898,2038,1885,1876,1403,1468,967,1071,634,735,400,519
431406,Passa Sete,3746,1923,1823,240,234,198,214,164,151,175,145,156,173,177,153,176,164,190,161,134,126,135,140,96,95,82,67
431407,Passo do Sobrado,4901,2429,2472,189,207,223,271,236,226,270,242,231,214,176,199,232,227,240,229,210,219,198,183,115,149,109,106
431410,Passo Fundo,152022,72333,79689,8401,7937,8377,8352,8296,8795,8302,8650,7505,7949,6098,6672,5892,6627,5644,6865,4976,6089,4000,5129,2940,3811,1902,2813
431413,Paulo Bento,1604,863,741,64,52,78,69,75,65,54,52,71,51,78,61,79,66,88,83,97,76,68,66,65,60,46,40
431415,Paverama,6819,3468,3351,304,286,358,365,365,323,349,313,327,323,305,300,295,276,306,278,253,284,259,231,192,214,155,158
431417,Pedras Altas,1590,849,741,81,80,79,81,68,54,75,71,65,65,71,84,85,75,93,64,81,51,53,44,56,45,42,27
431420,Pedro Osório,6107,2984,3123,334,290,333,299,268,278,244,258,236,242,235,279,235,307,283,283,269,271,213,254,207,191,127,171
431430,Pejuçara,3009,1539,1470,145,127,166,154,155,131,147,109,123,131,128,127,128,125,158,162,140,140,104,99,81,100,64,65
431440,Pelotas,264402,123940,140462,13600,13562,13447,13756,13244,13880,13389,14371,11876,12785,10289,11667,10266,11867,10281,12231,9452,11639,7774,10120,6292,8448,4030,6136
431442,Picada Café,4471,2193,2278,192,181,198,233,225,255,227,238,194,209,210,191,200,225,236,228,192,192,143,129,109,101,67,96
431445,Pinhal,1975,1022,953,125,90,100,100,110,84,88,88,74,65,69,84,105,87,101,108,83,85,86,61,47,62,34,39
431446,Pinhal da Serra,1693,881,812,83,83,106,86,68,71,87,54,71,81,58,56,69,67,77,73,82,87,85,67,47,39,48,48
431447,Pinhal Grande,3357,1766,1591,187,188,190,159,143,141,138,125,129,124,154,138,183,146,162,154,147,134,140,108,110,107,83,67
431449,Pinheirinho do Vale,3537,1844,1693,194,177,229,200,189,151,197,158,137,148,149,132,145,149,151,132,135,154,144,119,100,106,74,67
431450,Pinheiro Machado,9462,4759,4703,445,414,468,408,423,410,420,436,367,390,404,423,432,429,456,488,454,429,368,345,289,296,233,235
431454,Pinto Bandeira,2340,1155,1185,106,106,117,120,135,134,142,135,123,120,102,101,96,98,100,106,84,93,67,74,51,58,32,40
431455,Pirapó,2083,1028,1055,88,100,110,104,86,65,52,71,61,56,69,83,96,108,111,127,111,107,97,100,91,70,56,64
431460,Piratini,14959,7662,7297,701,653,780,684,607,577,621,648,620,562,657,656,726,712,761,661,677,629,597,595,515,527,400,393
431470,Planalto,8015,4039,3976,460,448,435,398,381,343,364,355,319,312,338,296,331,356,385,340,333,403,293,296,218,244,182,185
431475,Poço das Antas,1648,869,779,75,74,86,76,80,66,74,72,72,51,73,61,82,56,83,68,67,67,75,75,61,65,41,48
431477,Pontão,3012,1529,1483,161,159,168,148,146,141,145,140,134,129,129,115,124,158,136,138,128,130,105,87,89,86,64,52
431478,Ponte Preta,1347,701,646,41,44,81,54,48,45,46,35,50,54,55,42,53,64,81,72,67,68,67,68,68,56,44,44
431480,Portão,26688,13506,13182,1404,1334,1478,1410,1500,1364,1494,1428,1355,1316,1244,1205,1210,1194,1156,1152,976,976,756,805,561,575,372,423
431490,Porto Alegre,1140740,526746,613994,52663,52211,54836,56793,58328,62250,61716,67258,56296,62416,45691,51294,41111,48533,42202,53019,39756,51681,32739,45415,24782,36418,16626,26706
431500,Porto Lucena,4137,2064,2073,155,173,192,194,129,145,128,114,133,124,144,157,198,189,243,229,204,194,206,214,200,192,132,148
431505,Porto Mauá,1872,941,931,75,68,99,95,75,72,75,52,60,61,58,76,80,92,103,94,106,97,82,83,76,69,52,72
431507,Porto Vera Cruz,1310,619,691,50,62,68,62,22,31,19,26,27,40,53,53,66,72,72,73,74,80,65,69,63,70,40,53
431510,Porto Xavier,8231,4060,4171,433,440,459,446,324,357,314,365,384,364,354,386,378,327,357,347,370,391,288,317,236,258,163,173
431513,Pouso Novo,1376,725,651,68,50,78,66,49,57,71,55,61,47,61,46,49,43,61,45,59,51,56,60,68,68,44,63
431514,Presidente Lucena,2291,1198,1093,91,99,127,102,131,128,152,114,91,106,96,94,117,88,112,117,103,91,99,73,53,45,26,36
431515,Progresso,4573,2437,2136,230,192,275,257,195,166,199,159,205,177,178,207,262,201,274,206,192,172,198,144,138,128,91,127
431517,Protásio Alves,1722,912,810,69,69,84,78,80,70,78,69,59,61,82,58,101,85,94,83,60,72,94,68,64,63,47,34
431520,Putinga,3243,1678,1565,156,120,172,170,138,123,158,125,153,104,100,118,139,120,151,141,160,167,146,159,126,132,79,86
431530,Quaraí,17043,8371,8672,942,926,981,949,834,810,778,732,687,716,667,735,720,733,830,859,652,653,491,567,447,527,342,465
431531,Quatro Irmãos,1282,664,618,58,62,67,73,47,58,71,58,51,53,62,47,65,55,73,57,65,62,47,42,36,30,22,21
431532,Quevedos,2078,1128,950,107,83,108,89,107,88,86,88,113,79,88,86,110,79,117,96,92,90,90,71,65,67,45,34
431535,Quinze de Novembro,3123,1550,1573,130,130,141,147,160,157,134,141,145,145,130,129,132,141,149,130,123,125,120,140,106,109,80,79
431540,Redentora,7188,3779,3409,596,514,543,475,462,382,352,338,326,288,283,259,241,240,261,254,250,234,207,190,155,144,103,91
431545,Relvado,1578,838,740,67,47,81,65,61,46,80,57,59,44,64,56,57,58,87,79,85,81,82,79,66,66,49,62
431550,Restinga Seca,12192,6028,6164,624,595,593,624,575,552,529,518,461,506,433,442,529,586,598,619,542,542,504,476,376,400,264,304
431555,Rio dos Índios,2461,1230,1231,144,143,138,124,59,84,61,79,84,81,79,84,116,128,134,138,119,124,126,104,93,90,77,52
431560,Rio Grande,163765,79016,84749,9043,8825,8796,8841,8373,8512,8609,8974,7763,8109,6824,6986,6112,6685,6277,7346,5872,6668,5054,6034,3862,4575,2431,3194
431570,Rio Pardo,30233,14750,15483,1546,1526,1629,1621,1559,1498,1339,1473,1279,1285,1185,1273,1238,1360,1341,1378,1185,1325,1030,1097,821,911,598,736
431575,Riozinho,3340,1658,1682,173,193,179,178,146,146,141,159,151,161,149,139,152,147,151,167,122,101,117,121,117,94,60,76
431580,Roca Sales,8743,4400,4343,386,380,445,401,468,481,507,451,411,391,357,375,358,311,381,407,344,375,315,335,258,253,170,183
431590,Rodeio Bonito,4703,2280,2423,204,204,237,265,229,236,217,234,208,225,174,189,212,211,227,241,182,189,179,188,132,139,79,102
431595,Rolador,1853,944,909,79,71,85,80,60,57,72,67,55,61,91,70,87,84,79,85,86,100,86,95,93,78,71,61
431600,Rolante,16234,8153,8081,869,773,902,898,865,851,849,762,750,773,694,712,761,775,738,707,586,585,461,474,388,420,290,351
431610,Ronda Alta,7804,3763,4041,376,376,373,397,402,430,386,391,324,340,329,341,322,363,298,354,304,330,271,281,215,255,163,183
431620,Rondinha,4303,2103,2200,167,195,188,211,156,160,143,153,143,180,202,201,222,221,238,223,197,186,169,182,164,156,114,132
431630,Roque Gonzales,5353,2705,2648,296,222,232,267,228,218,228,198,205,194,233,216,237,255,277,247,224,234,240,220,168,207,137,170
431640,Rosário do Sul,30588,14865,15723,1655,1643,1680,1655,1479,1444,1410,1401,1210,1308,1212,1283,1280,1369,1369,1489,1153,1250,949,1120,856,955,612,806
431642,Sagrada Família,2039,1025,1014,110,96,115,125,74,83,70,89,70,74,87,91,82,93,110,90,106,81,94,92,59,57,48,43
431643,Saldanha Marinho,2378,1144,1234,97,93,105,125,99,92,98,101,94,97,93,101,114,122,107,133,101,111,96,95,71,90,69,74
431645,Salto do Jacuí,8764,4317,4447,505,486,501,462,380,375,352,427,388,480,399,403,436,402,389,395,353,342,261,270,230,236,123,169
431647,Salvador das Missões,2255,1151,1104,100,90,99,95,111,92,94,92,80,83,92,79,109,118,133,119,125,91,91,112,68,76,49,57
431650,Salvador do Sul,5763,2973,2790,278,270,297,284,343,314,334,293,286,253,246,247,266,258,281,244,236,206,171,180,148,140,87,101
431660,Sananduva,12783,6459,6324,563,481,606,546,710,596,634,591,547,540,489,523,547,540,621,636,576,562,467,548,424,440,275,321
431670,Santa Bárbara do Sul,7057,3491,3566,369,352,411,352,343,297,313,306,284,286,248,318,324,351,367,387,301,310,234,262,171,201,126,144
431673,Santa Cecília do Sul,1355,678,677,64,60,72,63,61,57,50,55,39,39,59,68,72,71,68,48,58,64,52,52,52,59,31,41
431675,Santa Clara do Sul,5305,2718,2587,224,186,269,266,283,273,313,289,261,264,247,252,237,191,233,224,214,210,191,176,144,146,102,110
431680,Santa Cruz do Sul,100812,48969,51843,4798,4657,5140,5154,5398,5404,5538,5665,5062,5083,4472,4466,4103,4602,4233,4551,3731,4024,3014,3524,2172,2757,1308,1956
431690,Santa Maria,214035,101160,112875,10993,11070,11040,11437,11157,11551,11111,11674,9910,10471,8526,9171,8430,9545,8658,10160,7559,9403,5910,7838,4699,6063,3167,4492
431695,Santa Maria do Herval,5427,2849,2578,228,203,266,242,269,257,280,263,287,264,272,235,292,243,296,213,219,221,209,171,147,160,84,106
431697,Santa Margarida do Sul,1966,1118,848,123,79,113,97,97,65,87,67,95,69,94,84,107,88,103,73,98,87,81,55,69,52,51,32
431700,Santana da Boa Vista,6104,3100,3004,279,258,335,288,235,212,231,223,197,218,263,278,328,322,335,264,263,267,261,250,194,228,179,196
431710,SantAna do Livramento,62330,29872,32458,3738,3608,3565,3476,2716,2660,2544,2682,2466,2747,2378,2757,2485,2961,2793,3018,2442,2789,1883,2233,1602,1944,1260,1583
431720,Santa Rosa,57414,28309,29105,2794,2601,3034,2842,3142,3040,3078,2987,2860,2859,2629,2732,2620,2681,2455,2657,1957,2238,1656,1915,1254,1460,830,1093
431725,Santa Tereza,1301,702,599,45,46,62,46,54,49,61,47,49,49,55,45,60,59,71,59,74,56,59,58,62,47,50,38
431730,Santa Vitória do Palmar,24359,12228,12131,1402,1238,1363,1271,1026,1037,1089,1144,1054,1112,990,1070,1066,1081,1193,1169,1007,985,890,813,661,703,487,508
431740,Santiago,38671,18600,20071,1895,1873,1931,1810,1932,1866,1834,1875,1610,1776,1573,1719,1629,1840,1674,1943,1555,1676,1194,1437,990,1206,783,1050
431750,Santo Ângelo,60954,29163,31791,3087,2975,3111,3153,3168,3163,2992,3011,2697,3008,2590,2848,2573,2931,2508,2925,2189,2550,1870,2185,1409,1743,969,1299
431755,Santo Antônio do Palma,1707,921,786,82,59,79,80,90,82,86,64,81,60,67,75,102,68,84,71,90,68,69,63,55,56,36,40
431760,Santo Antônio da Patrulha,32927,16305,16622,1681,1633,1709,1617,1569,1526,1525,1565,1402,1483,1327,1449,1480,1519,1502,1588,1334,1306,1132,1164,917,993,727,779
431770,Santo Antônio das Missões,8402,4130,4272,419,438,473,476,367,366,279,301,301,338,345,392,368,355,376,432,368,345,307,338,284,291,243,200
431775,Santo Antônio do Planalto,1598,782,816,84,66,76,78,65,80,72,71,65,76,55,64,64,81,94,73,70,66,53,63,55,56,29,42
431780,Santo Augusto,11431,5488,5943,503,550,636,606,530,562,509,568,479,560,495,532,473,538,503,536,475,465,373,448,292,328,220,250
431790,Santo Cristo,11659,5861,5798,492,506,546,533,574,489,513,486,483,491,519,474,540,536,642,588,542,546,451,481,351,374,208,294
431795,Santo Expedito do Sul,1968,1015,953,82,70,95,100,93,72,92,59,70,60,60,73,99,98,93,96,95,96,81,95,91,76,64,58
431800,São Borja,47097,22918,24179,2587,2473,2586,2555,2304,2290,2211,2196,2030,2330,1962,2140,2001,2143,1983,2142,1795,1960,1536,1601,1138,1310,785,1039
431805,São Domingos do Sul,2374,1195,1179,100,83,122,133,98,118,110,94,89,77,93,85,98,103,117,124,108,94,102,114,87,93,71,61
431810,São Francisco de Assis,14892,7384,7508,726,678,779,794,659,640,611,615,555,590,607,589,639,669,696,774,682,648,582,608,507,510,341,393
431820,São Francisco de Paula,16047,8231,7816,938,893,903,870,791,738,865,740,825,686,730,667,656,620,666,705,599,618,517,506,429,463,312,310
431830,São Gabriel,47256,23185,24071,2598,2294,2548,2577,2373,2228,2243,2141,2134,2230,1906,2033,1941,2159,2047,2187,1807,2000,1489,1709,1216,1450,883,1063
431840,São Jerônimo,17505,8678,8827,923,898,987,870,812,834,905,948,859,823,761,727,722,766,710,789,679,716,576,630,448,470,296,356
431842,São João da Urtiga,3841,1948,1893,152,177,203,184,143,126,147,139,117,139,173,137,174,184,208,182,194,191,177,173,151,130,109,131
431843,São João do Polêsine,2061,998,1063,79,101,100,108,104,92,90,107,72,83,72,67,89,91,78,108,98,90,90,92,83,57,43,67
431844,São Jorge,2114,1054,1060,66,79,100,100,87,85,75,105,87,87,73,77,103,96,114,92,108,101,101,97,86,85,54,56
431845,São José das Missões,1994,1037,957,109,97,103,90,69,49,78,77,80,62,71,85,105,88,93,99,102,100,93,96,69,66,65,48
431846,São José do Herval,1636,818,818,96,96,96,102,56,52,68,62,60,67,65,82,75,72,70,66,65,71,63,66,60,41,44,41
431848,São José do Hortêncio,3464,1832,1632,138,143,194,147,190,163,194,173,166,147,150,159,186,159,178,149,159,142,122,99,99,94,56,57
431849,São José do Inhacorá,1979,1005,974,94,83,88,95,84,92,88,82,82,86,75,70,91,64,83,95,102,80,92,87,69,80,57,60
431850,São José do Norte,20555,10579,9976,1057,1042,1139,1066,1040,916,1058,943,851,835,877,863,983,941,1019,952,875,804,717,654,585,528,378,432
431860,São José do Ouro,5440,2701,2739,243,231,281,253,240,208,215,231,235,222,234,250,266,266,281,271,235,273,202,212,167,189,102,133
431861,São José do Sul,1781,912,869,70,70,83,88,86,85,92,85,96,72,70,73,83,62,96,77,73,77,73,82,51,52,39,46
431862,São José dos Ausentes,2707,1434,1273,171,151,156,173,153,118,172,119,115,102,120,111,139,125,124,115,107,87,85,71,54,59,38,42
431870,São Leopoldo,174169,84214,89955,9271,8996,9229,9232,9303,9396,9645,9770,8819,9226,7634,7955,7212,7799,7084,8082,6043,6893,4759,5568,3254,4207,1961,2831
431880,São Lourenço do Sul,34087,17035,17052,1595,1545,1646,1680,1582,1504,1697,1601,1618,1554,1459,1345,1532,1528,1545,1578,1410,1378,1222,1371,1021,1120,708,848
431890,São Luiz Gonzaga,27129,13461,13668,1491,1327,1549,1373,1486,1338,1341,1271,1157,1133,1143,1184,1060,1172,1095,1247,1011,1188,886,1020,713,788,529,627
431900,São Marcos,16925,8168,8757,700,801,872,920,911,900,843,856,791,810,700,736,755,847,785,837,702,706,475,530,360,445,274,369
431910,São Martinho,4592,2216,2376,179,200,226,233,177,172,180,195,153,177,180,194,195,198,217,249,222,238,194,214,165,164,128,142
431912,São Martinho da Serra,2465,1241,1224,115,112,91,132,92,84,79,100,120,102,96,111,113,87,133,99,118,117,114,106,89,96,81,78
431915,São Miguel das Missões,5788,2969,2819,310,275,345,304,241,237,259,280,269,238,254,248,262,267,254,259,252,229,224,201,174,159,125,122
431920,São Nicolau,4179,2073,2106,256,228,260,227,144,143,137,156,133,157,157,190,179,173,181,216,193,167,181,181,137,155,115,113
431930,São Paulo das Missões,4799,2438,2361,238,185,237,242,174,143,164,143,146,192,180,197,217,216,292,222,288,277,229,246,159,179,114,119
431935,São Pedro da Serra,2748,1408,1340,146,130,157,141,150,142,131,152,136,135,134,129,134,118,125,121,108,91,79,68,71,59,37,54
431936,São Pedro das Missões,1399,698,701,66,67,73,75,56,63,50,66,52,62,63,60,61,39,71,76,65,52,58,64,41,49,42,28
431937,São Pedro do Butiá,2367,1173,1194,84,106,113,122,105,103,90,109,87,90,111,90,114,107,115,123,118,117,94,95,79,79,63,53
431940,São Pedro do Sul,12677,6359,6318,617,531,647,564,583,536,566,535,498,538,518,534,582,595,619,601,518,553,510,553,397,450,304,328
431950,São Sebastião do Caí,18278,8981,9297,965,900,907,948,960,995,1026,942,856,835,725,715,757,865,835,882,752,732,538,651,385,478,275,354
431960,São Sepé,18152,9000,9152,889,879,903,823,855,803,711,756,724,757,687,707,793,814,914,940,811,862,758,744,556,599,399,468
431970,São Valentim,2919,1520,1399,137,124,179,146,132,109,97,117,115,87,118,110,128,107,141,134,145,130,126,124,126,136,76,75
431971,São Valentim do Sul,1995,1007,988,82,80,113,97,85,93,94,104,82,78,85,65,75,85,95,74,87,99,87,90,69,67,53,56
431973,São Valério do Sul,2055,1003,1052,126,131,116,137,112,108,91,107,76,91,86,87,76,61,69,81,67,77,86,67,55,61,43,44
431975,São Vendelino,1770,918,852,80,63,95,93,102,87,98,82,79,93,97,79,85,90,96,75,62,60,54,54,39,46,31,30
431980,São Vicente do Sul,6567,3224,3343,377,378,353,367,271,312,265,274,274,258,260,281,310,311,315,327,252,289,240,232,195,195,112,119
431990,Sapiranga,60322,29678,30644,3381,3287,3405,3288,3172,3154,3194,3320,3012,2964,2893,3014,2898,2938,2619,2813,2061,2154,1436,1626,981,1193,626,893
432000,Sapucaia do Sul,109363,52932,56431,5907,5901,5855,5814,5867,5993,5883,6089,5586,5764,4718,4948,4405,4916,4286,4621,3741,4256,3061,3555,2246,2772,1377,1802
432010,Sarandi,17524,8690,8834,819,753,917,938,908,927,1044,926,864,897,789,757,746,786,716,811,613,677,553,583,436,444,285,335
432020,Seberi,8788,4277,4511,452,473,469,477,404,438,375,402,364,390,369,344,339,360,364,415,372,398,359,337,247,275,163,202
432023,Sede Nova,2325,1207,1118,121,110,122,109,96,73,108,90,93,104,101,96,109,91,130,103,116,110,101,104,66,77,44,51
432026,Segredo,5319,2796,2523,291,289,330,295,227,222,278,212,276,229,239,246,268,179,269,232,187,186,183,187,130,153,118,93
432030,Selbach,3954,2006,1948,179,170,198,165,223,176,183,191,170,139,133,150,179,198,218,236,206,185,143,141,91,111,83,86
432032,Senador Salgado Filho,2279,1158,1121,117,90,124,107,92,104,105,99,93,93,106,85,92,102,115,112,110,111,85,92,68,73,51,53
432035,Sentinela do Sul,3931,1993,1938,195,190,215,209,190,184,192,173,157,161,172,178,170,177,206,163,165,178,127,116,120,101,84,108
432040,Serafina Corrêa,12235,6133,6102,574,519,603,597,698,678,754,711,614,580,560,534,537,533,527,559,458,462,369,354,257,328,182,247
432045,Sério,1654,874,780,70,75,104,70,79,49,52,46,57,68,78,60,97,72,82,80,80,70,63,65,68,68,44,57
432050,Sertão,4779,2309,2470,195,213,232,223,189,196,195,223,188,191,189,171,220,233,226,252,184,236,182,213,181,194,128,125
432055,Sertão Santana,4557,2348,2209,218,227,245,233,239,213,249,205,196,213,202,194,220,193,200,193,181,180,169,140,145,128,84,90
432057,Sete de Setembro,1705,865,840,75,67,69,90,76,66,61,74,68,58,88,80,80,80,89,72,86,89,68,66,63,61,42,37
432060,Severiano de Almeida,2992,1517,1475,127,129,139,150,115,112,144,119,102,110,125,118,138,153,173,148,156,131,132,117,101,120,65,68
432065,Silveira Martins,1809,937,872,71,74,85,60,80,87,90,67,66,73,79,65,87,68,84,94,94,67,77,76,65,68,59,73
432067,Sinimbu,7918,4139,3779,381,353,403,430,405,335,407,342,379,313,372,337,355,308,372,332,363,283,295,305,221,248,186,193
432070,Sobradinho,11453,5608,5845,615,556,604,605,579,558,585,613,519,525,475,462,479,524,536,547,397,458,363,426,265,322,191,249
432080,Soledade,23691,11702,11989,1319,1218,1325,1300,1219,1128,1242,1172,1114,1174,952,943,969,1104,972,1044,855,977,749,797,574,640,412,492
432085,Tabaí,3436,1762,1674,165,167,197,177,176,160,180,159,162,152,168,155,163,164,143,146,131,129,121,104,97,98,59,63
432090,Tapejara,17741,8743,8998,794,784,1052,935,1093,1116,1065,1106,897,836,735,727,721,789,728,810,650,667,459,516,316,435,233,277
432100,Tapera,8382,4160,4222,409,371,449,373,457,415,453,393,367,411,374,330,337,429,384,402,306,353,266,312,211,250,147,183
432110,Tapes,12800,6165,6635,778,743,668,664,575,599,561,616,536,577,527,545,520,583,477,614,549,547,369,423,363,407,242,317
432120,Taquara,44633,21736,22897,2413,2326,2438,2381,2091,2200,2236,2302,2194,2296,1862,1982,1897,2055,1972,2100,1598,1739,1332,1432,1029,1222,674,862
432130,Taquari,20863,10103,10760,978,1033,1130,1108,982,966,1032,1051,959,1022,835,886,896,999,908,1059,823,888,710,714,495,583,355,451
432132,Taquaruçu do Sul,2392,1232,1160,121,109,137,119,114,111,102,109,92,106,89,92,110,78,111,111,119,94,89,83,80,83,68,65
432135,Tavares,4295,2263,2032,205,173,221,193,185,159,205,160,169,139,173,153,190,205,233,207,211,183,215,190,145,159,111,111
432140,Tenente Portela,10214,5027,5187,638,556,579,539,498,511,444,514,422,379,388,422,379,408,407,447,413,436,371,414,295,325,193,236
432143,Terra de Areia,8071,4023,4048,420,376,411,392,411,412,405,378,337,339,355,359,349,354,357,400,339,325,276,309,207,240,156,164
432145,Teutônia,24234,11910,12324,1045,1093,1209,1273,1309,1320,1369,1390,1261,1280,1140,1106,1061,1083,983,1074,940,919,731,776,546,570,316,440
432146,Tio Hugo,2241,1106,1135,93,100,122,120,118,118,104,134,104,94,85,96,105,92,113,111,94,80,64,70,64,62,40,58
432147,Tiradentes do Sul,4568,2286,2282,219,248,215,208,133,135,140,149,178,156,170,173,185,171,198,198,233,246,250,262,228,201,137,135
432149,Toropi,2136,1190,946,108,64,88,61,85,74,79,68,95,74,117,95,133,90,104,81,111,93,101,94,104,81,65,71
432150,Torres,29233,14128,15105,1471,1378,1476,1449,1354,1382,1361,1382,1301,1387,1143,1283,1275,1367,1285,1471,1182,1349,1003,1110,775,930,502,617
432160,Tramandaí,35738,16957,18781,2127,2055,1911,1954,1615,1714,1704,1838,1452,1639,1332,1474,1364,1572,1449,1672,1333,1630,1175,1349,864,1061,631,823
432162,Travesseiro,1920,988,932,81,59,88,80,103,81,84,67,76,63,84,81,87,86,86,93,81,89,80,86,72,81,66,66
432163,Três Arroios,2304,1166,1138,59,56,115,110,81,84,84,86,79,82,94,109,126,95,139,140,127,106,117,98,81,100,64,72
432166,Três Cachoeiras,8616,4352,4264,404,384,467,410,463,448,410,409,368,371,331,348,404,406,444,424,383,389,293,295,229,211,156,169
432170,Três Coroas,19836,10033,9803,1006,957,1063,1009,1146,1052,1207,1098,1066,1031,1007,982,897,917,826,773,661,696,517,557,387,421,250,310
432180,Três de Maio,19287,9307,9980,805,762,975,993,948,1048,939,920,856,858,773,894,852,896,860,925,794,827,637,753,521,614,347,490
432183,Três Forquilhas,2258,1149,1109,120,118,118,105,73,92,90,75,102,90,86,103,120,101,135,104,92,91,77,87,76,80,60,63
432185,Três Palmeiras,3612,1742,1870,189,186,197,231,174,195,155,159,143,147,121,131,117,136,164,158,139,151,136,142,119,141,88,93
432190,Três Passos,19639,9541,10098,859,838,951,964,905,931,954,946,891,928,887,838,813,883,923,949,789,873,651,792,521,660,397,496
432195,Trindade do Sul,4652,2299,2353,308,275,254,224,194,223,174,202,191,207,177,189,191,189,221,219,196,204,166,166,137,157,90,98
432200,Triunfo,19708,10006,9702,1101,1045,1163,1054,1052,972,984,988,921,913,817,792,828,831,864,888,766,747,611,630,529,500,370,342
432210,Tucunduva,4768,2317,2451,206,164,220,239,213,237,193,209,201,201,177,197,198,203,250,257,222,220,183,192,149,196,105,136
432215,Tunas,3204,1642,1562,170,186,193,191,155,139,162,145,145,158,149,137,153,115,161,131,130,115,93,106,73,86,58,53
432218,Tupanci do Sul,1147,585,562,48,59,70,54,45,38,32,27,27,31,43,49,60,57,70,74,68,55,42,36,47,40,33,42
432220,Tupanciretã,16875,8203,8672,924,885,813,876,764,825,853,846,753,788,769,782,741,777,716,825,648,726,552,556,406,445,264,341
432225,Tupandi,3631,1895,1736,168,156,196,190,226,201,219,208,194,167,172,164,197,143,172,159,128,106,99,110,83,68,41,64
432230,Tuparendi,6864,3255,3609,261,287,331,322,287,315,239,259,206,263,226,299,321,337,365,377,310,335,282,287,235,289,192,239
432232,Turuçu,2952,1447,1505,123,138,135,138,123,154,139,144,126,144,158,141,117,126,136,111,127,129,108,107,90,97,65,76
432234,Ubiretama,1802,924,878,92,67,84,79,82,56,66,57,70,63,79,72,97,101,97,93,78,84,70,77,74,79,35,50
432235,União da Serra,1099,607,492,41,33,54,39,39,40,63,26,43,18,24,29,42,48,65,49,74,62,75,61,49,53,38,34
432237,Unistalda,1835,950,885,111,99,107,98,79,64,58,66,59,69,68,58,95,91,91,86,80,79,73,71,70,55,59,49
432240,Uruguaiana,92863,44836,48027,5731,5787,5166,5239,4360,4563,4548,4814,4312,4724,4059,4253,3856,4202,3831,4158,3270,3550,2509,2908,1894,2170,1300,1659
432250,Vacaria,49455,24270,25185,2918,2671,2801,2668,2495,2510,2551,2495,2396,2360,2112,2253,2044,2235,2001,2201,1760,1929,1366,1626,1051,1286,775,951
432252,Vale Verde,2611,1309,1302,117,125,131,149,98,131,102,110,130,103,121,119,125,115,122,117,112,89,94,97,103,91,54,56
432253,Vale do Sol,9011,4524,4487,445,452,491,495,405,451,428,419,406,403,470,420,399,391,442,341,333,327,286,311,250,271,169,206
432254,Vale Real,4399,2227,2172,189,195,203,228,257,245,255,259,234,224,219,198,209,184,202,188,163,153,127,125,104,98,65,75
432255,Vanini,1655,819,836,58,61,78,77,75,108,76,80,65,64,55,65,88,74,107,78,63,74,58,63,60,50,36,42
432260,Venâncio Aires,54510,27297,27213,2623,2462,2877,2561,2689,2717,2845,2646,2618,2525,2434,2484,2513,2536,2455,2511,2156,2256,1798,1920,1389,1502,900,1093
432270,Vera Cruz,19844,9798,10046,982,946,1058,969,950,990,1045,983,909,964,882,933,942,959,897,890,704,757,623,642,493,594,313,419
432280,Veranópolis,19047,9220,9827,719,741,825,909,935,1007,1046,1034,926,1008,830,833,826,879,899,955,756,819,635,676,500,552,323,414
432285,Vespasiano Correa,1448,769,679,55,53,59,53,58,41,56,40,58,50,71,49,72,67,88,69,70,74,81,57,65,72,36,54
432290,Viadutos,4161,2087,2074,157,164,248,211,175,170,170,155,139,159,167,168,181,179,238,215,170,194,174,213,166,138,102,108
432300,Viamão,190313,92168,98145,11703,11312,11017,10651,9669,9836,9564,9684,8969,9677,7999,8586,7605,8315,7360,8209,6457,7220,5308,6222,3902,5007,2615,3426
432310,Vicente Dutra,3832,1923,1909,227,201,208,200,165,172,165,180,154,161,167,158,170,168,185,147,145,157,113,150,124,124,100,91
432320,Victor Graeff,2370,1213,1157,127,86,118,109,81,90,92,86,115,108,101,91,127,126,121,105,98,98,97,104,82,89,54,65
432330,Vila Flores,2723,1432,1291,118,96,143,134,174,109,139,127,107,109,104,103,111,114,150,122,143,124,110,106,77,94,56,53
432335,Vila Lângaro,1717,903,814,96,82,96,87,87,48,55,44,59,57,59,67,101,91,106,92,82,64,58,63,59,71,45,48
432340,Vila Maria,3514,1810,1704,141,122,176,169,193,154,177,153,172,131,132,133,154,162,180,179,171,153,131,142,101,122,82,84
432345,Vila Nova do Sul,2909,1458,1451,141,119,130,114,104,101,101,118,103,107,117,129,143,148,162,166,136,121,131,139,108,98,82,91
432350,Vista Alegre,2201,1073,1128,120,122,108,121,96,95,84,92,66,103,83,83,83,87,117,101,105,110,102,101,72,63,37,50
432360,Vista Alegre do Prata,1271,678,593,63,48,53,39,63,49,52,40,52,47,54,41,68,59,64,50,63,64,53,53,62,63,31,40
432370,Vista Gaúcha,2221,1124,1097,113,93,129,106,78,102,96,84,73,83,98,102,116,92,115,125,118,105,95,82,54,67,39,56
432375,Vitória das Missões,2593,1319,1274,116,115,145,123,82,73,58,74,98,91,106,122,128,98,125,128,110,131,137,135,121,111,93,73
432377,Westfalia,2427,1230,1197,85,101,112,110,131,111,139,121,121,96,94,93,126,114,120,101,95,98,68,109,72,74,67,69
432380,Xangri-lá,10665,5402,5263,660,558,596,570,582,519,547,527,543,512,453,492,452,468,469,424,386,407,324,349,228,252,162,185
